Source,Section,Key,English,Chinese,Review Notes
translations.ts,App Name,app.name,LuminFlow,明鉴,
translations.ts,App Name,app.brand,LuminFlow,明鉴,
translations.ts,Navigation,nav.dashboard,Dashboard,门户首页,
translations.ts,Navigation,nav.tracemap,TraceMap,TraceMap 审计进程全链路图,
translations.ts,Navigation,nav.heatlens,HeatLens,HeatLens 审计风险热力图,
translations.ts,Navigation,nav.sampling,SampleLens,SampleLens 智能抽样预览,
translations.ts,Navigation,nav.pbcview,PBCView,PBCView PBC透视全景图,
translations.ts,Navigation,nav.narrative,NarrativeLens,NarrativeLens 审计叙事生成器,
translations.ts,Navigation,nav.impact,ImpactSimulator,ImpactSimulator 影响模拟器,
translations.ts,Navigation,nav.team,TeamPanel,TeamPanel 团队管理,
translations.ts,Navigation,nav.objective,Audit Objectives,审计目标,
translations.ts,Navigation Sections,nav.section.portal,Portal,门户,
translations.ts,Navigation Sections,nav.section.planning,"Phase 1: Planning",第一阶段：审计计划,
translations.ts,Navigation Sections,nav.section.execution,"Phase 2: Execution",第二阶段：审计实施,
translations.ts,Navigation Sections,nav.section.deficiency,"Phase 3: Deficiency Evaluation",第三阶段：缺陷评价,
translations.ts,Navigation Sections,nav.section.tools,Tools,独立工具,
translations.ts,Navigation Sections,nav.new,NEW,新,
translations.ts,Roles,role.cfo,"CFO (Client Management)",CFO (客户管理层),
translations.ts,Roles,role.auditor,Audit Manager,审计经理,
translations.ts,Roles,role.partner,"Partner (QC)",合伙人 (QC),
translations.ts,Roles,role.financeClerk,Finance Clerk,财务部经办人,
translations.ts,Roles,role.financeManager,Finance Manager,财务部负责人,
translations.ts,Roles,role.switch,Switch Role,切换角色,
translations.ts,Roles,role.groupAudit,Audit Team,审计团队,
translations.ts,Roles,role.groupClient,Client Side,客户方,
translations.ts,Permissions,permission.noAccess,Access Denied,无访问权限,
translations.ts,Permissions,permission.noAccessDesc,"You do not have permission to access this page. Please contact your administrator.",您没有权限访问此页面，请联系管理员。,
translations.ts,Dashboard Welcome,dashboard.welcome.financeClerk,"{name}, here is your PBC progress summary","{name}，以下是您的PBC进度概览",
translations.ts,Dashboard Welcome,dashboard.welcome.financeManager,"{name}, here is your department audit overview","{name}，以下是您的部门审计概览",
translations.ts,TopBar,topbar.aiAssistant,AI Assistant,AI 助手,
translations.ts,Notifications,notification.title,Notifications,通知,
translations.ts,Notifications,notification.markAllRead,Mark all read,全部已读,
translations.ts,Notifications,notification.minutesAgo,"{n} min ago",{n}分钟前,
translations.ts,Notifications,notification.hoursAgo,"{n} hr ago",{n}小时前,
translations.ts,Notifications,notification.daysAgo,"{n} days ago",{n}天前,
translations.ts,Notifications,notification.pbc_overdue,PBC Material Overdue,PBC 材料逾期,
translations.ts,Notifications,notification.new_finding,New Finding,新缺陷发现,
translations.ts,Notifications,notification.simulation_complete,Simulation Complete,影响模拟完成,
translations.ts,Notifications,notification.ai_approval,AI Content Pending Approval,AI 内容待审批,
translations.ts,Notifications,notification.desc.1,"Bank statement (March) is 3 days overdue",银行对账单（3月）已逾期3天未提交,
translations.ts,Notifications,notification.desc.2,"Abnormal fluctuations found in accounts receivable",应收账款科目发现异常波动，需进一步审查,
translations.ts,Notifications,notification.desc.3,Revenue recognition control failure simulation completed,收入确认控制失效模拟已完成，结果可查看,
translations.ts,Notifications,notification.desc.4,"Sampling logic explanation draft generated, pending partner approval",抽样逻辑说明草稿已生成，等待合伙人审批,
translations.ts,Notifications,notification.desc.5,"Fixed asset register (Q1) is 5 days overdue",固定资产台账（Q1）逾期5天,
translations.ts,Notifications,notification.desc.6,"Insufficient segregation of duties found in procurement approval",采购审批流程中发现职责分离不足,
translations.ts,Notifications,notification.desc.7,Inventory valuation error impact simulation report generated,库存计价错误影响模拟已输出报告,
translations.ts,Sidebar,sidebar.projectName,FY2025 Annual Audit,FY2025 年度审计,
translations.ts,Sidebar,sidebar.companyName,"ABC Technology Co., Ltd.",ABC科技有限公司,
translations.ts,Sidebar,sidebar.collapse,Collapse Sidebar,收起侧栏,
translations.ts,Dashboard,dashboard.title,Audit Portal,审计门户,
translations.ts,Dashboard,dashboard.welcome.cfo,"{name}, here is your audit project KPI overview","{name}，以下是您的审计项目关键指标概览",
translations.ts,Dashboard,dashboard.welcome.auditor,"{name}, audit execution progress overview","{name}，审计执行进展一览",
translations.ts,Dashboard,dashboard.welcome.partner,"{name}, quality control & review overview","{name}，质量控制与复核概览",
translations.ts,Dashboard,dashboard.welcome.default,"Welcome back, {name}",欢迎回来，{name},
translations.ts,Dashboard,dashboard.config,Configure,配置,
translations.ts,Dashboard,dashboard.recentActivity,Recent Activity,最近活动,
translations.ts,Dashboard,dashboard.auditPhaseProgress,Audit Phase Progress,审计阶段进度,
translations.ts,Dashboard,dashboard.projectOverview,Project Overview,项目概览,
translations.ts,Dashboard,dashboard.pendingItems,Pending Items,待处理事项,
translations.ts,Dashboard,dashboard.riskHeatmap,Risk Control Heatmap,风险控制热力图,
translations.ts,Dashboard,dashboard.controlDistribution,Control Effectiveness Distribution,控制有效性分布,
translations.ts,Dashboard,dashboard.effectiveControls,Effective Controls,有效控制,
translations.ts,Dashboard,dashboard.target,Target,目标,
translations.ts,Dashboard,dashboard.planning,Planning,审计计划,
translations.ts,Dashboard,dashboard.execution,Execution,审计实施,
translations.ts,Dashboard,dashboard.reporting,Deficiency Evaluation,缺陷评价,
translations.ts,Dashboard,dashboard.viewFullHeatmap,View Full Heatmap →,查看完整热力图 →,
translations.ts,Dashboard,dashboard.viewPBCDetails,View PBC Details →,查看 PBC 详情 →,
translations.ts,Dashboard,dashboard.overdue,Overdue,逾期,
translations.ts,Dashboard,dashboard.dueSoon,Due Soon,即将到期,
translations.ts,Dashboard,dashboard.completed,Completed,已完成,
translations.ts,Dashboard,dashboard.effective,Effective,有效,
translations.ts,Dashboard,dashboard.partiallyEffective,Partially Effective,部分有效,
translations.ts,Dashboard,dashboard.pendingTest,Pending Test,待测试,
translations.ts,Dashboard,dashboard.ineffective,Ineffective,无效,
translations.ts,Dashboard,dashboard.projectTitle,National Commercial Bank 2025H1 Personal Loan ICFR Audit,某全国性商业银行 2025H1 个贷 ICFR 审计,
translations.ts,Dashboard,dashboard.auditCycle,"Audit Cycle: 2025.01 - 2025.06",审计周期：2025.01 - 2025.06,
translations.ts,Dashboard,dashboard.teamInfo,"Lead: Wang Qiang | Team Size: 8",负责人：王强 | 团队规模：8人,
translations.ts,Dashboard,dashboard.viewDetails,View Details,查看详情,
translations.ts,Objective Page,objective.title,TraceMap Audit Process Map,TraceMap 审计进程全链路图,
translations.ts,Objective Page,objective.search,Search nodes...,搜索节点...,
translations.ts,Objective Page,objective.loading,Loading audit tree...,加载审计树...,
translations.ts,Objective Page,objective.noData,No data,无数据,
translations.ts,Objective Page,objective.aiInsight,AI Insights,AI 洞察,
translations.ts,Objective Page,objective.insight1,"Income verification control (CTRL-002) deviation rate 20% is significantly higher than industry average 5%. Recommend immediate root cause analysis and expanding sampling to 40 items.",收入证明审核控制(CTRL-002)偏差率20%显著高于行业均值5%，建议立即启动根因分析并扩大抽样至40笔。,
translations.ts,Objective Page,objective.insight2,"Post-loan management monitoring domain shows positive effectiveness trend, but collateral revaluation timeliness issues may expose risks concentrated in Q4.",贷后管理监控域整体有效性趋势向好，但抵押物重估时效性问题可能在Q4集中暴露风险。,
translations.ts,Objective Page,objective.insight3,"Based on historical data patterns, credit inquiry authorization deviation shows 87% correlation with specific branch operational processes. Recommend targeted on-site inspection.",基于历史数据模式，征信查询授权偏差与特定分行操作流程相关度高达87%，建议针对性现场检查。,
translations.ts,Objective Page,objective.cosoAssessment,COSO Effectiveness Assessment,COSO 有效性评估,
translations.ts,Objective Page,objective.good,Good,良好,
translations.ts,Objective Page,objective.currentPeriod,Current Period,当前期,
translations.ts,Objective Page,objective.priorPeriod,Prior Period,上期,
translations.ts,Objective Page,objective.industryBenchmark,Industry Benchmark,行业基准,
translations.ts,Objective Page,objective.controlEnvironment,Control Environment,控制环境,
translations.ts,Objective Page,objective.riskAssessment,Risk Assessment,风险评估,
translations.ts,Objective Page,objective.controlActivities,Control Activities,控制活动,
translations.ts,Objective Page,objective.infoCommunication,Info & Communication,信息沟通,
translations.ts,Objective Page,objective.monitoring,Monitoring Activities,监督活动,
translations.ts,Objective Page,objective.dualProgress,Dual-Track Progress Tracking,双轨进度追踪,
translations.ts,Objective Page,objective.auditProgress,Audit Side Progress,审计方进度,
translations.ts,Objective Page,objective.clientPBCProgress,Client PBC Progress,客户方 PBC 进度,
translations.ts,Objective Page,objective.progressGap,Progress Gap,进度差距,
translations.ts,Objective Page,objective.behind,behind,落后,
translations.ts,Objective Page,objective.findings,Audit Findings,审计发现,
translations.ts,Objective Page,objective.id,ID,编号,
translations.ts,Objective Page,objective.findingTitle,Title,标题,
translations.ts,Objective Page,objective.severity,Severity,严重度,
translations.ts,Objective Page,objective.findingStatus,Status,状态,
translations.ts,Objective Page,objective.controlPoint,Control,控制点,
translations.ts,Objective Page,objective.deviationRate,Deviation %,偏差率,
translations.ts,Objective Page,objective.noFindings,No findings data,暂无发现数据,
translations.ts,Objective Page,objective.totalItems,Total,共,
translations.ts,Objective Page,objective.totalItemsSuffix,items,条,
translations.ts,Objective Page,objective.high,High,高,
translations.ts,Objective Page,objective.medium,Medium,中,
translations.ts,Objective Page,objective.low,Low,低,
translations.ts,Objective Page,objective.openStatus,Open,待整改,
translations.ts,Objective Page,objective.remediated,Remediated,已整改,
translations.ts,Objective Page,objective.accepted,Accepted,已接受,
translations.ts,Objective Page,objective.nodeCompleted,Completed,已完成,
translations.ts,Objective Page,objective.nodeInProgress,In Progress,进行中,
translations.ts,Objective Page,objective.nodePending,Not Started,未开始,
translations.ts,Objective Page,objective.nodeDeficiency,Deficiency,存在缺陷,
translations.ts,Objective Page,objective.nodeDelayed,Delayed,延迟,
translations.ts,Objective Page,objective.levelRoot,Audit Objective,审计目标,
translations.ts,Objective Page,objective.levelRiskArea,Risk Area,风险域,
translations.ts,Objective Page,objective.levelControl,Control Point,控制点,
translations.ts,Objective Page,objective.levelFinding,Finding/Test,发现/测试,
translations.ts,Objective Page,objective.basicInfo,Basic Information,基本信息,
translations.ts,Objective Page,objective.nodeId,Node ID,节点编号,
translations.ts,Objective Page,objective.completion,Completion,完成度,
translations.ts,Objective Page,objective.level,Level,层级,
translations.ts,Objective Page,objective.cosoMapping,COSO Mapping,COSO 映射,
translations.ts,Objective Page,objective.detailedMetrics,Detailed Metrics,详细指标,
translations.ts,Objective Page,objective.relatedNodes,Related Nodes,关联节点,
translations.ts,Objective Page,objective.aiSuggestion,AI Suggestions,AI 建议,
translations.ts,Objective Page,objective.aiDeficiency,"Recommend prioritizing deviation remediation for this node. Current deviation rate may affect overall audit conclusions. Consider expanding sampling scope to verify deviation prevalence.",建议优先关注该节点的偏差整改，当前偏差率可能影响整体审计结论。考虑扩大抽样范围以验证偏差的普遍性。,
translations.ts,Objective Page,objective.aiDelayed,"This node has delay risk. Recommend coordinating resources to accelerate progress, or confirming PBC delivery timeline with the client.",该节点存在延迟风险，建议协调资源加速推进，或与客户方确认PBC交付时间表。,
translations.ts,Objective Page,objective.aiNormal,"Current node status is normal. Recommend proceeding with subsequent testing as planned.",当前节点状态正常，建议按计划推进后续测试工作。,
translations.ts,Sampling Page,sampling.title,SampleLens Smart Sampling Preview,SampleLens 智能抽样预览,
translations.ts,Sampling Page,sampling.subtitle,AI-driven Smart Sampling Recommendations,AI 驱动的智能抽样推荐,
translations.ts,Impact Page,impact.title,ImpactSimulator AI Impact Simulator,ImpactSimulator 影响模拟器,
translations.ts,Impact Page,impact.subtitle,Change Event Cascading Impact Analysis,变更事件级联影响分析,
translations.ts,Team Page,team.title,Audit Team Management,审计团队管理,
translations.ts,Team Page,team.visibility,Visibility Management,可见性管理,
translations.ts,Team Page,team.approval,AI Approval,AI 审批,
translations.ts,Team Page,team.interaction,Client Interaction,客户互动,
translations.ts,Team Page,team.evidence,Evidence Management,证据管理,
translations.ts,Team Page,team.feedbackTitle,Monitoring Feedback Loop Suggestions,监控反馈闭环建议,
translations.ts,Team Page,team.feedbackContent,"It is recommended to establish a complete feedback loop of ""Publish → Client View → Feedback → Adjust"". Current data shows that clients have a 67% feedback rate within 24 hours after viewing reports. It is suggested to set a 48-hour reminder after publishing key reports to ensure clients confirm audit findings and provide necessary supplementary materials in a timely manner.",建议建立"发布→客户查看→反馈→调整"的完整闭环机制。当前数据显示客户在查看报告后24小时内反馈率为67%，建议在关键报告发布后设置48小时提醒，确保客户及时确认审计发现并提供必要补充材料。,
translations.ts,AI Chat,ai.title,AI Audit Assistant,AI 审计助手,
translations.ts,AI Chat,ai.clear,Clear conversation,清空对话,
translations.ts,AI Chat,ai.welcome,"Hello! I am the AI Audit Assistant",您好！我是 AI 审计助手,
translations.ts,AI Chat,ai.welcomeHint,Feel free to ask any audit-related questions,有任何审计相关问题，请随时提问,
translations.ts,AI Chat,ai.placeholder,"Ask a question... (Shift+Enter for new line)",输入问题... (Shift+Enter 换行),
translations.ts,AI Chat,ai.openLabel,Open AI Assistant,打开 AI 助手,
translations.ts,Language,lang.switch,Language,语言,
translations.ts,Language,lang.en,EN,EN,
translations.ts,Language,lang.zh,中,中,
translations.ts,HeatLens Page,heatlens.title,HeatLens Risk Heatmap,HeatLens 审计风险热力图,
translations.ts,HeatLens Page,heatlens.subtitle,"Multi-dimensional risk scoring and visualization based on historical deficiencies, process changes, system upgrades, regulatory rules, and enforcement actions",基于历史缺陷、流程变更、系统升级、监管法规、监管处罚等多维度信息，对控制点风险进行智能评分和可视化,
translations.ts,HeatLens Page,heatlens.factor.historicalDeficiency,Historical Deficiency,历史缺陷,
translations.ts,HeatLens Page,heatlens.factor.processChange,Process Change,流程变更,
translations.ts,HeatLens Page,heatlens.factor.systemUpgrade,System Upgrade,系统升级,
translations.ts,HeatLens Page,heatlens.factor.regulatoryRule,Regulatory Rule,监管法规,
translations.ts,HeatLens Page,heatlens.factor.regulatoryPenalty,Regulatory Penalty,监管处罚,
translations.ts,HeatLens Page,heatlens.weight,Weight,权重,
translations.ts,HeatLens Page,heatlens.score,Score,评分,
translations.ts,HeatLens Page,heatlens.aiRecalculate,AI Recalculate Scores,AI 重算评分,
translations.ts,HeatLens Page,heatlens.factorBreakdown,Factor Breakdown,因子分解分析,
translations.ts,HeatLens Page,heatlens.top5ByFactor,Top 5 by {factor},{factor} 影响 Top 5,
translations.ts,PBCView Page,pbcview.title,PBCView PBC Panorama,PBCView PBC透视全景图,
translations.ts,PBCView Page,pbcview.subtitle,"Auto-generated PBC list | Progress Tracking | Overdue Alerts | Reminder Emails",智能生成 PBC 清单 | 进度追踪 | 逾期提醒 | 催办邮件,
translations.ts,PBCView Page,pbcview.totalPBC,Total PBC,总 PBC 数,
translations.ts,PBCView Page,pbcview.submitted,Submitted,已提交,
translations.ts,PBCView Page,pbcview.pending,Pending,待处理,
translations.ts,PBCView Page,pbcview.overdue,Overdue,逾期,
translations.ts,PBCView Page,pbcview.overdueDays,{n} days overdue,逾期 {n} 天,
translations.ts,PBCView Page,pbcview.generatePBC,AI Generate PBC List,AI 生成 PBC 清单,
translations.ts,PBCView Page,pbcview.generateInterviewOutline,Generate Interview Outline,生成访谈提纲,
translations.ts,PBCView Page,pbcview.standardLibrary,Industry Standards,行业标准库,
translations.ts,PBCView Page,pbcview.selectControlDomain,Control Domain,控制域选择,
translations.ts,PBCView Page,pbcview.searchPBC,Search PBC...,搜索 PBC...,
translations.ts,PBCView Page,pbcview.filterAll,All,全部,
translations.ts,PBCView Page,pbcview.filterByStatus,Filter by Status,按状态筛选,
translations.ts,PBCView Page,pbcview.progressByControl,Progress by Control,按控制点进度,
translations.ts,PBCView Page,pbcview.overdueAlert,"{n} PBC items overdue, longest {d} days","{n} 项 PBC 已逾期，最长逾期 {d} 天",
translations.ts,PBCView Page,pbcview.viewOverdueList,View Overdue List,查看逾期清单,
translations.ts,PBCView Page,pbcview.generateReminderEmail,Generate Reminder Email Draft,一键生成催办邮件草稿,
translations.ts,PBCView Page,pbcview.emailDraft,Reminder Email Draft,催办邮件草稿,
translations.ts,PBCView Page,pbcview.emailTo,To,收件人,
translations.ts,PBCView Page,pbcview.emailSubject,Subject,主题,
translations.ts,PBCView Page,pbcview.emailBody,Body,正文,
translations.ts,PBCView Page,pbcview.copyToClipboard,Copy to Clipboard,复制到剪贴板,
translations.ts,PBCView Page,pbcview.send,Send,发送,
translations.ts,PBCView Page,pbcview.interviewOutline,Interview Outline,访谈提纲,
translations.ts,NarrativeLens Page,narrative.title,NarrativeLens Audit Narrative Generator,NarrativeLens 审计叙事生成器,
translations.ts,NarrativeLens Page,narrative.subtitle,"AI Deep Analysis | Audience Adaptation | Fact/Judgment Layering | Root Cause Analysis",AI 深度分析 | 受众适配 | 事实/判断分层 | 根因分析,
translations.ts,NarrativeLens Page,narrative.audience,Target Audience,目标受众,
translations.ts,NarrativeLens Page,narrative.audienceCFO,"CFO (Financial Impact + Strategy)",CFO（财务影响+战略建议）,
translations.ts,NarrativeLens Page,narrative.audienceInternalAudit,"Internal Audit (Technical + COSO)",内审团队（技术细节+COSO映射）,
translations.ts,NarrativeLens Page,narrative.audienceIT,"IT Team (System Improvement)",IT团队（系统改进方案）,
translations.ts,NarrativeLens Page,narrative.topic,Topic,沟通主题,
translations.ts,NarrativeLens Page,narrative.topicPlaceholder,"e.g., Personal Loan ICFR Audit Findings",例如：个贷业务 ICFR 审计发现,
translations.ts,NarrativeLens Page,narrative.findings,Audit Findings,审计发现,
translations.ts,NarrativeLens Page,narrative.addFinding,Add Finding,添加发现,
translations.ts,NarrativeLens Page,narrative.generate,Generate Narrative,生成叙事,
translations.ts,NarrativeLens Page,narrative.generating,AI is generating narrative...,AI 正在生成叙事...,
translations.ts,NarrativeLens Page,narrative.keyPoints,Key Points,关键发现,
translations.ts,NarrativeLens Page,narrative.factLabel,FACT,事实,
translations.ts,NarrativeLens Page,narrative.judgmentLabel,JUDGMENT,判断,
translations.ts,NarrativeLens Page,narrative.suggestionLabel,SUGGESTION,建议,
translations.ts,NarrativeLens Page,narrative.edit,Edit,编辑,
translations.ts,NarrativeLens Page,narrative.saveDraft,Save Draft,保存草稿,
translations.ts,NarrativeLens Page,narrative.approvalFlow,Approval Flow,审批流程,
translations.ts,NarrativeLens Page,narrative.aiScreening,AI Screening,AI 初筛,
translations.ts,NarrativeLens Page,narrative.managerApproval,Audit Manager Approval,审计经理审批,
translations.ts,NarrativeLens Page,narrative.partnerQC,Partner QC Review,合伙人 QC 复核,
translations.ts,NarrativeLens Page,narrative.submitForApproval,Submit for Approval,提交审批,
translations.ts,NarrativeLens Page,narrative.publishToClient,Publish to Client,发布至客户可见,
translations.ts,NarrativeLens Page,narrative.done,Done,完成,
translations.ts,Sampling Components,sampling.paramAdjust,Parameter Adjustment,参数调整,
translations.ts,Sampling Components,sampling.riskThreshold,Risk Threshold,风险阈值,
translations.ts,Sampling Components,sampling.confidenceLevel,Confidence Level,置信水平,
translations.ts,Sampling Components,sampling.selectConfidence,Select confidence level,选择置信水平,
translations.ts,Sampling Components,sampling.elevatedCoeff,Elevated Coefficient,升高系数,
translations.ts,Sampling Components,sampling.calculating,Calculating...,计算中...,
translations.ts,Sampling Components,sampling.recalculate,Recalculate,重新计算,
translations.ts,Sampling Components,sampling.aiRecommendedRange,AI Recommended Sample Range,AI推荐样本量范围,
translations.ts,Sampling Components,sampling.median,Median,中位数,
translations.ts,Sampling Components,sampling.confidence,Confidence,置信度,
translations.ts,Sampling Components,sampling.vsLastPeriod,vs Last Period,vs 上期,
translations.ts,Sampling Components,sampling.txns,txns,笔,
translations.ts,Sampling Components,sampling.timeWindowDist,Time Window Distribution,时间窗口分布,
translations.ts,Sampling Components,sampling.docTypeDist,Document Type Distribution,文档类型分布,
translations.ts,Sampling Components,sampling.historicalTrend,Historical Sampling Trend,历史抽样趋势,
translations.ts,Sampling Components,sampling.sampleSize,Sample Size,样本量,
translations.ts,Sampling Components,sampling.actual,Actual,实际,
translations.ts,Sampling Components,sampling.aiPrediction,AI Prediction,AI预测,
translations.ts,Sampling Components,sampling.aiLogic,AI Sampling Logic,AI 抽样逻辑,
translations.ts,Sampling Components,sampling.logicStep1,Determine base sample size based on control activity type,基于控制活动类型确定基础样本量,
translations.ts,Sampling Components,sampling.logicStep2,"Frequency factor adjustment (Daily×1.2 / Monthly×1.0 / Quarterly×0.8)",运行频次因子调整（日常×1.2 / 月度×1.0 / 季度×0.8）,
translations.ts,Sampling Components,sampling.logicStep3,Prior year deficiency additional sampling (+15%),上年缺陷追加抽样（+15%）,
translations.ts,Sampling Components,sampling.logicStep4,"Time stratification strategy (recent weight 1.5)",时间分层策略（近期权重1.5）,
translations.ts,Sampling Components,sampling.expandDetails,Expand technical details →,展开技术细节 →,
translations.ts,Sampling Components,sampling.askAuditor,Ask the auditor →,向审计师提问 →,
translations.ts,Sampling Components,sampling.sampleList,Sample List,样本清单,
translations.ts,Sampling Components,sampling.filter,Filter:,筛选:,
translations.ts,Sampling Components,sampling.pbcCode,PBC Code,PBC编号,
translations.ts,Sampling Components,sampling.docName,Document Name,文档名称,
translations.ts,Sampling Components,sampling.type,Type,类型,
translations.ts,Sampling Components,sampling.status,Status,状态,
translations.ts,Sampling Components,sampling.assignee,Assignee,负责人,
translations.ts,Sampling Components,sampling.total,Total,共,
translations.ts,Sampling Components,sampling.items,"items, Page",条，第,
translations.ts,Sampling Components,sampling.page,,页,
translations.ts,Sampling Components,sampling.prevPage,Previous,上一页,
translations.ts,Sampling Components,sampling.nextPage,Next,下一页,
translations.ts,Sampling Components,sampling.approved,Approved,已审核,
translations.ts,Sampling Components,sampling.submitted,Submitted,已提交,
translations.ts,Sampling Components,sampling.pending,Pending,待处理,
translations.ts,Sampling Components,sampling.overdueStatus,Overdue,已逾期,
translations.ts,Sampling Methodology,sampling.methodology.title,Sampling Methodology,抽样方法论,
translations.ts,Sampling Methodology,sampling.methodology.collapseDetails,← Collapse details,← 收起详情,
translations.ts,Sampling Methodology,sampling.methodology.tabFactors,Basis Factors,依据因素,
translations.ts,Sampling Methodology,sampling.methodology.tabFormula,Calculation Formula,计算公式,
translations.ts,Sampling Methodology,sampling.methodology.tabAILogic,AI Recommendation Logic,AI推荐逻辑,
translations.ts,Sampling Methodology - Factors,sampling.methodology.factor.populationSize,Population Size,总体规模,
translations.ts,Sampling Methodology - Factors,sampling.methodology.factor.populationSizeDesc,"Total transaction volume during the audit period. Larger populations require proportionally larger samples to maintain statistical validity.",审计期间交易总量。总体越大，需要按比例增加样本量以保证统计有效性。,
translations.ts,Sampling Methodology - Factors,sampling.methodology.factor.populationSizeImpact,Larger population → increased sample size,总体越大 → 样本量增加,
translations.ts,Sampling Methodology - Factors,sampling.methodology.factor.riskScore,Risk Score,风险评分,
translations.ts,Sampling Methodology - Factors,sampling.methodology.factor.riskScoreDesc,"RAWTC risk rating on a 1-10 scale. Higher risk scores require deeper sampling to provide sufficient audit evidence.",RAWTC 风险评级（1-10分）。风险评分越高，需要更深入的抽样以提供充分的审计证据。,
translations.ts,Sampling Methodology - Factors,sampling.methodology.factor.riskScoreImpact,Higher risk → increased sample size,风险越高 → 样本量增加,
translations.ts,Sampling Methodology - Factors,sampling.methodology.factor.confidenceLevel,Confidence Level,置信水平,
translations.ts,Sampling Methodology - Factors,sampling.methodology.factor.confidenceLevelDesc,"90% = acceptable assurance; 92% = enhanced assurance; 95% = standard high assurance; 99% = maximum assurance for critical controls.",90% = 可接受保证；92% = 增强保证；95% = 标准高保证；99% = 关键控制最高保证。,
translations.ts,Sampling Methodology - Factors,sampling.methodology.factor.confidenceLevelImpact,Higher confidence → increased sample size,置信度越高 → 样本量增加,
translations.ts,Sampling Methodology - Factors,sampling.methodology.factor.priorDeficiency,Prior Year Deficiency,上年缺陷,
translations.ts,Sampling Methodology - Factors,sampling.methodology.factor.priorDeficiencyDesc,"Deficiencies found in prior periods trigger additional sampling to verify whether issues have been remediated effectively.",前期发现的缺陷会触发追加抽样，以验证问题是否已有效整改。,
translations.ts,Sampling Methodology - Factors,sampling.methodology.factor.priorDeficiencyImpact,Deficiency found → increased sample size,存在缺陷 → 样本量增加,
translations.ts,Sampling Methodology - Factors,sampling.methodology.factor.systemChanges,System Changes,系统变更,
translations.ts,Sampling Methodology - Factors,sampling.methodology.factor.systemChangesDesc,"IT system changes during the audit period may affect control effectiveness, requiring additional samples to validate post-change controls.",审计期间 IT 系统变更可能影响控制有效性，需追加样本以验证变更后的控制。,
translations.ts,Sampling Methodology - Factors,sampling.methodology.factor.systemChangesImpact,System changed → increased sample size,系统变更 → 样本量增加,
translations.ts,Sampling Methodology - Formula,sampling.methodology.formula.title,Sample Size Calculation Formula,样本量计算公式,
translations.ts,Sampling Methodology - Formula,sampling.methodology.formula.formula,"Sample Size = Base × Risk Factor × Confidence Multiplier × (1 + Deficiency Uplift)",样本量 = 基数 × 风险因子 × 置信度乘数 × (1 + 缺陷上浮),
translations.ts,Sampling Methodology - Formula,sampling.methodology.formula.paramTitle,Parameter Definitions,参数定义,
translations.ts,Sampling Methodology - Formula,sampling.methodology.formula.base,"Base: Determined by control frequency (Daily=25, Weekly=15, Monthly=5, Quarterly=3)",基数：按控制频次确定（日常=25, 周度=15, 月度=5, 季度=3）,
translations.ts,Sampling Methodology - Formula,sampling.methodology.formula.riskFactor,"Risk Factor: RAWTC/10 + 0.5 (range 0.8–1.35)",风险因子：RAWTC/10 + 0.5（范围 0.8–1.35）,
translations.ts,Sampling Methodology - Formula,sampling.methodology.formula.confidenceMultiplier,"Confidence Multiplier: 90%→0.9, 92%→0.95, 95%→1.0, 99%→1.15","置信度乘数：90%→0.9, 92%→0.95, 95%→1.0, 99%→1.15",
translations.ts,Sampling Methodology - Formula,sampling.methodology.formula.deficiencyUplift,"Deficiency Uplift: Prior year deficiency +0.15, otherwise 0",缺陷上浮：有上年缺陷 +0.15，无缺陷 = 0,
translations.ts,Sampling Methodology - Formula,sampling.methodology.formula.exampleTitle,Example Calculation,示例计算,
translations.ts,Sampling Methodology - Formula,sampling.methodology.formula.exampleScenario,"Scenario: Daily control, RAWTC=7, Confidence 95%, prior year deficiency found",场景：日常控制，RAWTC=7，置信度95%，上年存在缺陷,
translations.ts,Sampling Methodology - Formula,sampling.methodology.formula.exampleCalc,"= 25 × (7/10 + 0.5) × 1.0 × (1 + 0.15) = 25 × 1.2 × 1.0 × 1.15 ≈ 35 samples","= 25 × (7/10 + 0.5) × 1.0 × (1 + 0.15) = 25 × 1.2 × 1.0 × 1.15 ≈ 35 个样本",
translations.ts,Sampling Methodology - AI Logic,sampling.methodology.ai.title,How AI Generates Recommendations,AI 如何生成推荐,
translations.ts,Sampling Methodology - AI Logic,sampling.methodology.ai.overview,"The AI engine synthesizes all sampling factors through a multi-stage decision process to produce optimal sample size recommendations.",AI 引擎通过多阶段决策流程综合所有抽样因素，产出最优样本量推荐。,
translations.ts,Sampling Methodology - AI Logic,sampling.methodology.ai.step1Title,1. Factor Integration,1. 因素整合,
translations.ts,Sampling Methodology - AI Logic,sampling.methodology.ai.step1Desc,"AI collects population size, risk ratings, confidence requirements, historical deficiencies, and system change indicators as input features.",AI 收集总体规模、风险评级、置信度要求、历史缺陷及系统变更指标作为输入特征。,
translations.ts,Sampling Methodology - AI Logic,sampling.methodology.ai.step2Title,2. Decision Tree Evaluation,2. 决策树评估,
translations.ts,Sampling Methodology - AI Logic,sampling.methodology.ai.step2Desc,"A rule-based decision tree evaluates: If RAWTC ≥ 7 → apply enhanced sampling; If prior deficiency exists → add uplift factor; If system change detected → extend testing window.",规则决策树评估：若 RAWTC ≥ 7 → 启用增强抽样；若存在上年缺陷 → 叠加上浮因子；若检测到系统变更 → 延长测试窗口。,
translations.ts,Sampling Methodology - AI Logic,sampling.methodology.ai.step3Title,3. Sample Size Adjustment,3. 样本量调整,
translations.ts,Sampling Methodology - AI Logic,sampling.methodology.ai.step3Desc,"AI may increase samples when: multiple risk factors compound, control environment is weak, or transaction patterns show anomalies. AI may decrease samples when: strong prior testing results, stable control environment, and low inherent risk.",AI 会增加样本量：当多重风险因素叠加、控制环境薄弱或交易模式出现异常时。AI 会减少样本量：当前期测试结果良好、控制环境稳定且固有风险较低时。,
translations.ts,Sampling Methodology - AI Logic,sampling.methodology.ai.step4Title,4. Confidence & Output,4. 置信度与输出,
translations.ts,Sampling Methodology - AI Logic,sampling.methodology.ai.step4Desc,"Final recommendations include a confidence score (85-99%) reflecting data completeness and factor alignment. Higher confidence means stronger supporting evidence for the recommended sample size.",最终推荐包含置信度评分（85-99%），反映数据完整性和因素对齐程度。置信度越高，表明推荐样本量的支持证据越强。,
translations.ts,Impact Components,impact.eventConfig,Change Event Configuration,变更事件配置,
translations.ts,Impact Components,impact.eventType,Event Type,事件类型,
translations.ts,Impact Components,impact.severity,Severity,严重程度,
translations.ts,Impact Components,impact.low,Low,低,
translations.ts,Impact Components,impact.medium,Medium,中,
translations.ts,Impact Components,impact.high,High,高,
translations.ts,Impact Components,impact.affectedDimensions,Affected Dimensions,影响维度,
translations.ts,Impact Components,impact.responseStrategy,Response Strategy,应对策略,
translations.ts,Impact Components,impact.selectStrategy,Select response strategy,选择应对策略,
translations.ts,Impact Components,impact.simulating,Simulating...,模拟运行中...,
translations.ts,Impact Components,impact.runSimulation,Run Simulation,运行模拟,
translations.ts,Impact Components,impact.controlDeficiency,Control Deficiency,控制缺陷（Control Deficiency）,
translations.ts,Impact Components,impact.orgChange,Organizational Change,组织调整（Organizational Change）,
translations.ts,Impact Components,impact.regChange,Regulatory Change,法规变更（Regulatory Change）,
translations.ts,Impact Components,impact.itChange,IT System Change,IT系统变更（IT System Change）,
translations.ts,Impact Components,impact.financialStatements,Financial Statements,财务报表,
translations.ts,Impact Components,impact.operations,Operations,运营流程,
translations.ts,Impact Components,impact.compliance,Compliance,合规性,
translations.ts,Impact Components,impact.reputation,Reputation,声誉,
translations.ts,Impact Components,impact.acceptRisk,Accept Risk,接受风险,
translations.ts,Impact Components,impact.transferRisk,Transfer Risk,风险转移,
translations.ts,Impact Components,impact.enhanceControl,Enhance Controls,控制增强,
translations.ts,Impact Components,impact.redesignProcess,Redesign Process,流程重设计,
translations.ts,Impact Components,impact.comparison,Before / After Five-Dimension Comparison,Before / After 五维对比,
translations.ts,Impact Components,impact.dimension,Dimension,维度,
translations.ts,Impact Components,impact.before,Before,变更前,
translations.ts,Impact Components,impact.after,After,变更后,
translations.ts,Impact Components,impact.delta,Δ Change,Δ 变化,
translations.ts,Impact Components,impact.aiRecommendations,AI Recommendations,AI 推荐方案,
translations.ts,Impact Components,impact.priority,Priority:,优先级:,
translations.ts,Impact Components,impact.riskReduction,Est. Risk Reduction,预估风险降低,
translations.ts,Impact Components,impact.adopted,Adopted,已采纳,
translations.ts,Impact Components,impact.pendingStatus,Pending,待定,
translations.ts,Impact Components,impact.adoptAll,Adopt All,一键全部采纳,
translations.ts,Impact Components,impact.exportPPT,Export PPT,导出 PPT,
translations.ts,Impact Components,impact.shareApproval,Share for Approval,分享审批,
translations.ts,Impact Components,impact.placeholderText,Configure parameters and click Run Simulation,配置参数后点击运行模拟,
translations.ts,Impact Components,impact.analyzing,AI is analyzing impact chains...,AI 正在分析影响链...,
translations.ts,Impact Components,impact.stage1,Analyzing change events...,分析变更事件...,
translations.ts,Impact Components,impact.stage2,Traversing control dependency chains...,遍历控制依赖链...,
translations.ts,Impact Components,impact.stage3,Quantifying impact levels...,量化影响程度...,
translations.ts,Impact Components,impact.stage4,Generating AI recommendations...,生成 AI 建议方案...,
translations.ts,Team Components,team.approvalPending,Pending,待审批,
translations.ts,Team Components,team.approvalPassed,Passed,已通过,
translations.ts,Team Components,team.aiGenerated,AI Generated,AI生成,
translations.ts,Team Components,team.typeAiInsight,AI Insight,AI 洞察,
translations.ts,Team Components,team.typePBC,PBC Description,PBC 描述,
translations.ts,Team Components,team.typeImpact,Impact Report,影响报告,
translations.ts,Team Components,team.typeNarrative,Audit Narrative,审计说明,
translations.ts,Team Components,team.passed,Passed,已通过,
translations.ts,Team Components,team.rejected,Rejected,已退回,
translations.ts,Team Components,team.save,Save,保存,
translations.ts,Team Components,team.cancel,Cancel,取消,
translations.ts,Team Components,team.preview,Preview,预览,
translations.ts,Team Components,team.edit,Edit,编辑,
translations.ts,Team Components,team.approve,Approve,通过,
translations.ts,Team Components,team.reject,Reject,退回,
translations.ts,Team Components,team.fullContent,Full Content,完整内容,
translations.ts,Team Components,team.generatedAt,"Generated:",生成时间:,
translations.ts,Team Components,team.evidenceCheck,Evidence Completeness Check,证据完整性检查,
translations.ts,Team Components,team.collected,Collected,已收集,
translations.ts,Team Components,team.partial,Partial,部分,
translations.ts,Team Components,team.missing,Missing,缺失,
translations.ts,Team Components,team.partialCollected,Partially Collected,部分收集,
translations.ts,Team Components,team.missingDocList,Missing Document List,缺失文档清单,
translations.ts,Team Components,team.generatePBC,Generate PBC Request,一键生成 PBC 请求,
translations.ts,Team Components,team.hotQuestions,Top 5 Hot Questions,Top 5 热门提问,
translations.ts,Team Components,team.questionCount,Question Count,提问次数,
translations.ts,Team Components,team.question.1,When will the audit be completed?,审计进度何时完成,
translations.ts,Team Components,team.question.2,Why were these branches selected?,抽样为什么选这些分行,
translations.ts,Team Components,team.question.3,Impact on financial statements,缺陷对财报影响,
translations.ts,Team Components,team.question.4,When is PBC submission due?,PBC什么时候需要提交,
translations.ts,Team Components,team.question.5,YoY comparison results?,上年同期对比如何,
translations.ts,Team Components,team.times,times,次,
translations.ts,Team Components,team.timesLabel,{c} times,{c}次,
translations.ts,Team Components,team.clientTrend,"Client Interaction Trend (Last 30 Days)",客户互动趋势（近30天）,
translations.ts,Team Components,team.visits,Visits,访问次数,
translations.ts,Team Components,team.clientVisits,Client Visits,客户访问,
translations.ts,Team Components,team.submitPBC,Submit PBC,提交PBC,
translations.ts,Team Components,team.viewReport,View Report,查看报告,
translations.ts,Team Components,team.downloadWP,Download Workpaper,下载底稿,
translations.ts,Team Components,team.giveFeedback,Give Feedback,反馈意见,
translations.ts,Team Components,team.confirmPublish,Confirm Publish Changes,确认发布变更,
translations.ts,Team Components,team.publishDesc,The following changes will be immediately visible to the client,以下变更将立即对客户可见,
translations.ts,Team Components,team.changeSummary,Change Summary:,变更摘要：,
translations.ts,Team Components,team.cancelBtn,Cancel,取消,
translations.ts,Team Components,team.confirmBtn,Confirm Publish,确认发布,
translations.ts,Team Components,team.visibilityMgmt,Client Visibility Management,客户可见性管理,
translations.ts,Team Components,team.pendingPublish,Pending Publish,待发布,
translations.ts,Team Components,team.batchPublish,Batch Confirm Publish,批量确认发布,
translations.ts,Team Components,team.fullVisible,Fully Visible ✅,全部可见 ✅,
translations.ts,Team Components,team.partialVisible,Partially Visible ⚠️,部分可见 ⚠️,
translations.ts,Team Components,team.hidden,Not Visible ❌,不可见 ❌,
translations.ts,Team Components,team.moduleProgress,Audit Progress Overview,审计进度概览,
translations.ts,Team Components,team.moduleControl,Control Test Status,控制点测试状态,
translations.ts,Team Components,team.moduleDeficiency,Deficiency Details,缺陷详情,
translations.ts,Team Components,team.moduleSampling,Sampling Logic,抽样逻辑,
translations.ts,Team Components,team.moduleImpact,Impact Analysis,影响分析,
translations.ts,Team Components,team.moduleAI,AI Insight Recommendations,AI 洞察建议,
translations.ts,Glossary Labels,glossary.label.definition,Definition,定义,
translations.ts,Glossary Labels,glossary.label.context,Context,场景应用,
translations.ts,Glossary Labels,glossary.label.importance,Importance,重要性,
translations.ts,Glossary - COSO,glossary.coso.definition,"Committee of Sponsoring Organizations of the Treadway Commission — A framework for internal control consisting of 5 components and 17 principles.",COSO（Treadway委员会赞助组织委员会）— 由5个组成要素和17项原则构成的内部控制框架。,
translations.ts,Glossary - COSO,glossary.coso.context,"In this audit, the COSO framework maps each control point to specific components and principles to ensure comprehensive coverage.",本次审计中，COSO框架将每个控制点映射到特定的组成要素和原则，以确保覆盖的全面性。,
translations.ts,Glossary - COSO,glossary.coso.importance,"Provides the structural foundation for evaluating control effectiveness and identifying gaps.",为评估控制有效性和识别缺陷提供结构化基础。,
translations.ts,Glossary - RCM,glossary.rcm.definition,"Risk Control Matrix — A document mapping business risks to corresponding controls, assertions, and testing procedures.",RCM（风险控制矩阵）— 将业务风险映射到对应控制措施、认定和测试程序的文档。,
translations.ts,Glossary - RCM,glossary.rcm.context,"The RCM in this project links each identified risk in personal loans to specific ICFR controls and test plans.",本项目中，RCM将个人贷款业务中识别的每项风险与具体ICFR控制和测试计划关联。,
translations.ts,Glossary - RCM,glossary.rcm.importance,"Ensures every significant risk has an appropriate control response and no gap exists in audit coverage.",确保每项重大风险都有适当的控制对应，审计覆盖不存在遗漏。,
translations.ts,Glossary - PBC,glossary.pbc.definition,"Provided by Client — Documents and evidence that the audit client must supply to support audit procedures.",PBC（客户提供资料）— 审计客户必须提供以支持审计程序的文件和证据。,
translations.ts,Glossary - PBC,glossary.pbc.context,"PBC materials include bank statements, loan agreements, and approval records needed for substantive testing.",PBC材料包括银行对账单、贷款协议和审批记录等实质性测试所需文档。,
translations.ts,Glossary - PBC,glossary.pbc.importance,"Timely PBC delivery directly impacts audit timeline; delays can cause significant schedule overruns.",PBC的及时交付直接影响审计时间表，延迟可能导致显著的进度超期。,
translations.ts,Glossary - RAWTC,glossary.rawtc.definition,"Risk Assessment including Walkthroughs and Testing of Controls — A comprehensive approach combining risk identification with control validation.",RAWTC（风险评估含穿行测试及控制测试）— 将风险识别与控制验证结合的综合方法。,
translations.ts,Glossary - RAWTC,glossary.rawtc.context,"RAWTC procedures verify that designed controls operate effectively throughout the audit period.",RAWTC程序验证所设计的控制在整个审计期间是否有效运行。,
translations.ts,Glossary - RAWTC,glossary.rawtc.importance,"Determines the nature and extent of substantive procedures; weak controls require expanded testing.",决定实质性程序的性质和范围；控制薄弱时需要扩展测试。,
translations.ts,Glossary - ICFR,glossary.icfr.definition,"Internal Control over Financial Reporting — The process designed to provide reasonable assurance regarding the reliability of financial reporting.",ICFR（财务报告内部控制）— 旨在合理保证财务报告可靠性的流程设计。,
translations.ts,Glossary - ICFR,glossary.icfr.context,"This audit evaluates ICFR effectiveness for personal loan operations at a national commercial bank.",本次审计评估某全国性商业银行个人贷款业务ICFR的有效性。,
translations.ts,Glossary - ICFR,glossary.icfr.importance,"Material weaknesses in ICFR must be reported and can impact the audit opinion on financial statements.",ICFR重大缺陷必须报告，可能影响财务报表的审计意见。,
translations.ts,Glossary - SOX,glossary.sox.definition,"Sarbanes-Oxley Act — U.S. legislation requiring management assessment and auditor attestation of internal controls.",SOX（萨班斯-奥克斯利法案）— 要求管理层评估并由审计师证明内部控制有效性的美国法规。,
translations.ts,Glossary - SOX,glossary.sox.context,"SOX compliance requirements drive the scope and methodology of ICFR audits in this engagement.",SOX合规要求驱动本次ICFR审计的范围和方法论。,
translations.ts,Glossary - SOX,glossary.sox.importance,"Non-compliance can result in regulatory penalties and loss of investor confidence.",不合规可能导致监管处罚和投资者信心丧失。,
translations.ts,Glossary - KPI,glossary.kpi.definition,"Key Performance Indicator — Quantifiable metrics used to evaluate audit progress and effectiveness.",KPI（关键绩效指标）— 用于评估审计进度和效果的量化指标。,
translations.ts,Glossary - KPI,glossary.kpi.context,"Dashboard KPIs track control effectiveness rates, PBC completion, and deficiency remediation progress.",门户看板的KPI追踪控制有效率、PBC完成度和缺陷整改进度。,
translations.ts,Glossary - KPI,glossary.kpi.importance,"Enables real-time monitoring of audit health and early identification of potential issues.",实现审计健康度的实时监控，及早识别潜在问题。,
translations.ts,Glossary - TOC,glossary.toc.definition,"Test of Controls — Audit procedures to evaluate the operating effectiveness of controls in preventing or detecting material misstatements.",TOC（控制测试）— 评估控制在防止或发现重大错报方面运行有效性的审计程序。,
translations.ts,Glossary - TOC,glossary.toc.context,"TOC results determine reliance on controls and influence the sample sizes for substantive testing.",TOC结果决定对控制的依赖程度，并影响实质性测试的样本量。,
translations.ts,Glossary - TOC,glossary.toc.importance,"Effective controls allow reduced substantive testing; ineffective controls require expanded procedures.",有效的控制可减少实质性测试量；无效的控制需要扩大程序范围。,
translations.ts,Glossary - TOD,glossary.tod.definition,"Test of Details — Substantive audit procedures examining individual transactions and balances for material misstatements.",TOD（细节测试）— 检查单笔交易和余额是否存在重大错报的实质性审计程序。,
translations.ts,Glossary - TOD,glossary.tod.context,"TOD in this audit targets high-risk loan transactions identified through the sampling methodology.",本次审计中TOD针对通过抽样方法识别的高风险贷款交易。,
translations.ts,Glossary - TOD,glossary.tod.importance,"Provides direct evidence about account balance accuracy and transaction validity.",提供有关账户余额准确性和交易有效性的直接证据。,
translations.ts,Glossary - PCAOB,glossary.pcaob.definition,"Public Company Accounting Oversight Board — The regulatory body overseeing audits of public companies to protect investor interests.",PCAOB（公众公司会计监督委员会）— 监督上市公司审计以保护投资者利益的监管机构。,
translations.ts,Glossary - PCAOB,glossary.pcaob.context,"Audit methodology follows PCAOB standards for integrated audits of financial statements and ICFR.",审计方法论遵循PCAOB对财务报表和ICFR整合审计的标准。,
translations.ts,Glossary - PCAOB,glossary.pcaob.importance,"PCAOB inspection findings can impact firm reputation and require methodology adjustments.",PCAOB检查发现可能影响事务所声誉，并需要调整审计方法论。,
data-translations.ts,KPI Metrics,审计整体进度,Overall Audit Progress,审计整体进度,
data-translations.ts,KPI Metrics,控制覆盖率,Control Coverage Rate,控制覆盖率,
data-translations.ts,KPI Metrics,PBC完成率,PBC Completion Rate,PBC完成率,
data-translations.ts,KPI Metrics,缺陷发现数,Findings Count,缺陷发现数,
data-translations.ts,KPI Metrics,风险综合评分,Composite Risk Score,风险综合评分,
data-translations.ts,KPI Metrics,高风险缺陷数,High-Risk Findings,高风险缺陷数,
data-translations.ts,KPI Metrics,分行覆盖率,Branch Coverage Rate,分行覆盖率,
data-translations.ts,KPI Metrics,PBC逾期项,Overdue PBC Items,PBC逾期项,
data-translations.ts,KPI Metrics,平均响应时间,Avg Response Time,平均响应时间,
data-translations.ts,KPI Metrics,已完成控制测试,Controls Tested,已完成控制测试,
data-translations.ts,KPI Metrics,整体偏差率,Overall Deviation Rate,整体偏差率,
data-translations.ts,KPI Metrics,合规性评级,Compliance Rating,合规性评级,
data-translations.ts,KPI Metrics,测试工时消耗,Testing Hours Used,测试工时消耗,
data-translations.ts,KPI Metrics,样本测试完成,Samples Tested,样本测试完成,
data-translations.ts,KPI Metrics,底稿完成率,Workpaper Completion,底稿完成率,
data-translations.ts,KPI Metrics,问题跟踪关闭率,Issue Close Rate,问题跟踪关闭率,
data-translations.ts,KPI Metrics,团队人员到位率,Team Staffing Rate,团队人员到位率,
data-translations.ts,KPI Metrics,质量检查通过率,QC Pass Rate,质量检查通过率,
data-translations.ts,KPI Metrics,IT审计配合度,IT Audit Cooperation,IT审计配合度,
data-translations.ts,KPI Metrics,外部专家参与,External Experts,外部专家参与,
data-translations.ts,KPI Metrics,已出具分报告,Sub-reports Issued,已出具分报告,
data-translations.ts,KPI Metrics,数据分析覆盖,Data Analytics Coverage,数据分析覆盖,
data-translations.ts,KPI Metrics,预算消耗比,Budget Utilization,预算消耗比,
data-translations.ts,KPI Metrics,里程碑达成,Milestones Achieved,里程碑达成,
data-translations.ts,KPI Metrics,复核完成率,Review Completion,复核完成率,
data-translations.ts,KPI Metrics,复核意见项,Review Comments,复核意见项,
data-translations.ts,KPI Metrics,重大事项上报,Major Issues Reported,重大事项上报,
data-translations.ts,KPI Metrics,合伙人审阅进度,Partner Review Progress,合伙人审阅进度,
data-translations.ts,KPI Metrics,独立性确认,Independence Confirmed,独立性确认,
data-translations.ts,KPI Metrics,质控抽检合格率,QC Sampling Pass Rate,质控抽检合格率,
data-translations.ts,KPI Metrics,意见反馈时效,Feedback Timeliness,意见反馈时效,
data-translations.ts,KPI Metrics,报告草稿版本,Report Draft Version,报告草稿版本,
data-translations.ts,Units,项,items,项,
data-translations.ts,Units,天,days,天,
data-translations.ts,Units,个,items,个,
data-translations.ts,Units,小时,hours,小时,
data-translations.ts,Units,笔,txns,笔,
data-translations.ts,Units,条,items,条,
data-translations.ts,Units,人次,visits,人次,
data-translations.ts,Units,份,copies,份,
data-translations.ts,Units,版,ver.,版,
data-translations.ts,Audit Objectives,个人贷款流程控制有效性测试,Personal Loan Process Control Effectiveness Testing,个人贷款流程控制有效性测试,
data-translations.ts,Audit Objectives,信用审批控制,Credit Approval Controls,信用审批控制,
data-translations.ts,Audit Objectives,信用评分验证,Credit Score Verification,信用评分验证,
data-translations.ts,Audit Objectives,评分模型参数核验通过,Score Model Parameters Verified,评分模型参数核验通过,
data-translations.ts,Audit Objectives,评分阈值设置合规确认,Score Threshold Compliance Confirmed,评分阈值设置合规确认,
data-translations.ts,Audit Objectives,收入证明审核,Income Verification Review,收入证明审核,
data-translations.ts,Audit Objectives,收入证明审核执行缺陷,Income Verification Execution Deficiency,收入证明审核执行缺陷,
data-translations.ts,Audit Objectives,证明材料完整性测试,Document Completeness Test,证明材料完整性测试,
data-translations.ts,Audit Objectives,交叉验证流程测试,Cross-Validation Process Test,交叉验证流程测试,
data-translations.ts,Audit Objectives,征信查询授权,Credit Inquiry Authorization,征信查询授权,
data-translations.ts,Audit Objectives,征信查询授权执行偏差,Credit Inquiry Authorization Deviation,征信查询授权执行偏差,
data-translations.ts,Audit Objectives,授权书签署时效测试,Authorization Signing Timeliness Test,授权书签署时效测试,
data-translations.ts,Audit Objectives,系统权限配置验证,System Permission Configuration Check,系统权限配置验证,
data-translations.ts,Audit Objectives,贷款额度核定,Loan Limit Determination,贷款额度核定,
data-translations.ts,Audit Objectives,额度计算公式验证,Limit Calculation Formula Verification,额度计算公式验证,
data-translations.ts,Audit Objectives,审批权限矩阵测试,Approval Authority Matrix Test,审批权限矩阵测试,
data-translations.ts,Audit Objectives,超额审批流程跟踪,Excess Approval Process Tracking,超额审批流程跟踪,
data-translations.ts,Audit Objectives,资金用途验证,Fund Usage Verification,资金用途验证,
data-translations.ts,Audit Objectives,用途声明审核,Purpose Statement Review,用途声明审核,
data-translations.ts,Audit Objectives,声明材料齐备性验证,Statement Material Completeness Check,声明材料齐备性验证,
data-translations.ts,Audit Objectives,用途合规性分类检查,Purpose Compliance Classification Check,用途合规性分类检查,
data-translations.ts,Audit Objectives,资金流向监控,Fund Flow Monitoring,资金流向监控,
data-translations.ts,Audit Objectives,收款账户白名单核验,Receiving Account Whitelist Verification,收款账户白名单核验,
data-translations.ts,Audit Objectives,大额划转预警触发测试,Large Transfer Alert Trigger Test,大额划转预警触发测试,
data-translations.ts,Audit Objectives,关联方核查,Related Party Inspection,关联方核查,
data-translations.ts,Audit Objectives,关联关系识别规则验证,Related Party Identification Rule Check,关联关系识别规则验证,
data-translations.ts,Audit Objectives,关联交易穿透测试,Related Transaction Penetration Test,关联交易穿透测试,
data-translations.ts,Audit Objectives,隐性关联筛查有效性,Hidden Relationship Screening Effectiveness,隐性关联筛查有效性,
data-translations.ts,Audit Objectives,异常交易识别,Abnormal Transaction Detection,异常交易识别,
data-translations.ts,Audit Objectives,异常模型阈值参数检查,Anomaly Model Threshold Parameter Check,异常模型阈值参数检查,
data-translations.ts,Audit Objectives,预警响应时效测试,Alert Response Timeliness Test,预警响应时效测试,
data-translations.ts,Audit Objectives,贷后管理监控,Post-Loan Management Monitoring,贷后管理监控,
data-translations.ts,Audit Objectives,定期回访检查,Regular Follow-up Inspection,定期回访检查,
data-translations.ts,Audit Objectives,回访频率合规性验证,Follow-up Frequency Compliance Check,回访频率合规性验证,
data-translations.ts,Audit Objectives,回访记录完整性检查,Follow-up Record Completeness Check,回访记录完整性检查,
data-translations.ts,Audit Objectives,抵押物重估,Collateral Revaluation,抵押物重估,
data-translations.ts,Audit Objectives,抵押物评估报告执行偏差,Collateral Appraisal Report Execution Deviation,抵押物评估报告执行偏差,
data-translations.ts,Audit Objectives,评估机构资质验证,Appraisal Agency Qualification Check,评估机构资质验证,
data-translations.ts,Audit Objectives,重估时效性跟踪,Revaluation Timeliness Tracking,重估时效性跟踪,
data-translations.ts,Audit Objectives,逾期预警监控,Overdue Warning Monitoring,逾期预警监控,
data-translations.ts,Audit Objectives,预警规则配置验证,Alert Rule Configuration Check,预警规则配置验证,
data-translations.ts,Audit Objectives,预警触发及时性测试,Alert Trigger Timeliness Test,预警触发及时性测试,
data-translations.ts,Audit Objectives,升级处置流程有效性,Escalation Process Effectiveness,升级处置流程有效性,
data-translations.ts,Audit Objectives,风险分类调整,Risk Classification Adjustment,风险分类调整,
data-translations.ts,Audit Objectives,风险分类调整设计缺陷,Risk Classification Adjustment Design Deficiency,风险分类调整设计缺陷,
data-translations.ts,Audit Objectives,分类标准一致性验证,Classification Standard Consistency Check,分类标准一致性验证,
data-translations.ts,Audit Objectives,调整审批权限测试,Adjustment Approval Authority Test,调整审批权限测试,
data-translations.ts,Audit Objectives,历史调整追溯检查,Historical Adjustment Retrospective Check,历史调整追溯检查,
data-translations.ts,RCM Risk Names,信用风险评估不准确,Inaccurate Credit Risk Assessment,信用风险评估不准确,
data-translations.ts,RCM Risk Names,合规授权缺失,Compliance Authorization Gaps,合规授权缺失,
data-translations.ts,RCM Risk Names,资金用途违规,Fund Usage Violation,资金用途违规,
data-translations.ts,RCM Risk Names,关联交易风险集中,Related Transaction Risk Concentration,关联交易风险集中,
data-translations.ts,RCM Risk Names,贷后管理不到位,Inadequate Post-Loan Management,贷后管理不到位,
data-translations.ts,RCM Risk Names,信息报告不及时,Untimely Information Reporting,信息报告不及时,
data-translations.ts,Control Types,系统自动,Automated,系统自动,
data-translations.ts,Control Types,验证核对,Verification,验证核对,
data-translations.ts,Control Types,授权审批,Authorization,授权审批,
data-translations.ts,Control Types,报告生成,Report Generation,报告生成,
data-translations.ts,Control Frequencies,每笔交易,Per Transaction,每笔交易,
data-translations.ts,Control Frequencies,每日,Daily,每日,
data-translations.ts,Control Frequencies,每月,Monthly,每月,
data-translations.ts,Control Frequencies,每季度,Quarterly,每季度,
data-translations.ts,Test Procedures,获取信用评分模型参数配置，验证模型输入输出一致性，比对系统评分结果与手工计算结果,"Obtain credit scoring model parameters, verify input/output consistency, compare system scores with manual calculations",获取信用评分模型参数配置，验证模型输入输出一致性，比对系统评分结果与手工计算结果,
data-translations.ts,Test Procedures,抽取贷款审批档案，检查收入证明与银行流水交叉验证记录，确认双人复核签章,"Extract loan approval files, check income verification cross-validation records, confirm dual-review signatures",抽取贷款审批档案，检查收入证明与银行流水交叉验证记录，确认双人复核签章,
data-translations.ts,Test Procedures,比对征信授权书签署日期与系统查询日期，验证授权书有效期覆盖查询时点,"Compare authorization signing dates with system query dates, verify authorization validity covers query time",比对征信授权书签署日期与系统查询日期，验证授权书有效期覆盖查询时点,
data-translations.ts,Test Procedures,验证额度计算过程符合政策规定，超额审批经逐级授权，审批权限矩阵执行有效,"Verify limit calculation complies with policy, excess approvals have cascading authorization, authority matrix effective",验证额度计算过程符合政策规定，超额审批经逐级授权，审批权限矩阵执行有效,
data-translations.ts,Test Procedures,检查贷款用途声明材料齐备性，验证用途分类与监管要求及内部政策的一致性,"Check loan purpose statement completeness, verify purpose classification consistency with regulatory and internal policies",检查贷款用途声明材料齐备性，验证用途分类与监管要求及内部政策的一致性,
data-translations.ts,Test Procedures,获取资金监控系统日志，验证白名单配置有效性，测试大额划转预警触发逻辑,"Obtain fund monitoring system logs, verify whitelist configuration, test large transfer alert trigger logic",获取资金监控系统日志，验证白名单配置有效性，测试大额划转预警触发逻辑,
data-translations.ts,Test Procedures,核查关联方识别系统输出结果，验证穿透层级是否达到监管要求，确认关联交易特别审批,"Verify related party identification system output, check penetration levels meet regulatory requirements, confirm special approval",核查关联方识别系统输出结果，验证穿透层级是否达到监管要求，确认关联交易特别审批,
data-translations.ts,Test Procedures,验证异常交易识别模型规则配置，测试预警阈值触发准确性，检查响应时效,"Verify anomaly detection model rule configuration, test alert threshold trigger accuracy, check response timeliness",验证异常交易识别模型规则配置，测试预警阈值触发准确性，检查响应时效,
data-translations.ts,Test Procedures,抽查回访记录，验证回访频率符合风险等级要求，确认回访内容覆盖关键风险指标,"Spot-check follow-up records, verify frequency meets risk level requirements, confirm coverage of key risk indicators",抽查回访记录，验证回访频率符合风险等级要求，确认回访内容覆盖关键风险指标,
data-translations.ts,Test Procedures,核验评估机构资质，检查重估报告时效性，验证评估基准日与估值日偏差在合理范围,"Verify appraiser qualifications, check revaluation report timeliness, verify basis date deviation within reasonable range",核验评估机构资质，检查重估报告时效性，验证评估基准日与估值日偏差在合理范围,
data-translations.ts,Test Procedures,验证预警规则配置完整性，测试触发及时性（T+0），确认升级处置流程有效执行,"Verify alert rule configuration completeness, test trigger timeliness (T+0), confirm escalation process effective execution",验证预警规则配置完整性，测试触发及时性（T+0），确认升级处置流程有效执行,
data-translations.ts,Test Procedures,检查分类调整触发规则的覆盖面，验证调整审批权限执行，比对分类结果与五级标准,"Check classification trigger rule coverage, verify adjustment approval authority, compare results with five-category standard",检查分类调整触发规则的覆盖面，验证调整审批权限执行，比对分类结果与五级标准,
data-translations.ts,Test Procedures,验证额度核定与信用评分结果的联动关系，确认高风险客户限额机制有效执行,"Verify linkage between limit determination and credit scores, confirm high-risk client limit mechanism effective",验证额度核定与信用评分结果的联动关系，确认高风险客户限额机制有效执行,
data-translations.ts,Test Procedures,验证贷后监控发现的风险信号能否及时触发分类调整，检查调整审批链完整性,"Verify post-loan monitoring risk signals trigger timely classification adjustments, check approval chain completeness",验证贷后监控发现的风险信号能否及时触发分类调整，检查调整审批链完整性,
data-translations.ts,Control Descriptions,对借款人信用评分模型输出结果进行独立验证，确认评分模型参数设置合理、评分结果准确反映借款人信用状况,"Independently verify credit scoring model output, confirm parameter settings are reasonable and scores accurately reflect borrower creditworthiness",对借款人信用评分模型输出结果进行独立验证，确认评分模型参数设置合理、评分结果准确反映借款人信用状况,
data-translations.ts,Control Descriptions,信贷审批人员对借款人提交的收入证明材料进行真实性、完整性审核，包括银行流水交叉验证和雇主确认,"Credit approval staff review borrower income documentation for authenticity and completeness, including bank statement cross-validation and employer confirmation",信贷审批人员对借款人提交的收入证明材料进行真实性、完整性审核，包括银行流水交叉验证和雇主确认,
data-translations.ts,Control Descriptions,在查询借款人征信报告前取得借款人书面授权，确保授权书签署日期早于征信查询日期且在有效期内,"Obtain written borrower authorization before querying credit report, ensure signing date precedes query date and is within validity period",在查询借款人征信报告前取得借款人书面授权，确保授权书签署日期早于征信查询日期且在有效期内,
data-translations.ts,Control Descriptions,根据借款人收入、负债、抵押物价值等因素按审批权限矩阵核定贷款额度，超额须逐级上报审批,"Determine loan limits based on income, debt, collateral value per authority matrix; excess requires escalated approval",根据借款人收入、负债、抵押物价值等因素按审批权限矩阵核定贷款额度，超额须逐级上报审批,
data-translations.ts,Control Descriptions,审核借款人提交的贷款用途声明材料，确认贷款用途符合监管要求和银行内部政策,"Review loan purpose statement materials, confirm purpose complies with regulatory requirements and internal policies",审核借款人提交的贷款用途声明材料，确认贷款用途符合监管要求和银行内部政策,
data-translations.ts,Control Descriptions,通过系统自动化规则监控贷款资金流向，对流向非白名单账户或大额异常划转进行实时预警,"Monitor fund flow via automated rules, real-time alerts for non-whitelist accounts or large abnormal transfers",通过系统自动化规则监控贷款资金流向，对流向非白名单账户或大额异常划转进行实时预警,
data-translations.ts,Control Descriptions,对借款人及其关联方进行穿透式核查，识别隐性关联关系和关联交易，防止集团客户风险,"Conduct penetrating inspection of borrower and related parties, identify hidden relationships and transactions, prevent group risk",对借款人及其关联方进行穿透式核查，识别隐性关联关系和关联交易，防止集团客户风险,
data-translations.ts,Control Descriptions,基于规则引擎和机器学习模型对还款异常、资金回流等可疑模式进行自动识别和预警,"Automatically identify and alert on suspicious patterns like repayment anomalies and fund reflux via rule engine and ML models",基于规则引擎和机器学习模型对还款异常、资金回流等可疑模式进行自动识别和预警,
data-translations.ts,Control Descriptions,按照贷款风险等级对存量客户进行定期回访，核实经营状况和还款能力变化,"Conduct regular follow-ups with existing clients by risk level, verify business conditions and repayment capacity changes",按照贷款风险等级对存量客户进行定期回访，核实经营状况和还款能力变化,
data-translations.ts,Control Descriptions,委托独立评估机构对抵押物进行定期重新估值，确保抵押率保持在安全范围内,"Commission independent appraisers for periodic collateral revaluation, ensure LTV ratio stays within safe range",委托独立评估机构对抵押物进行定期重新估值，确保抵押率保持在安全范围内,
data-translations.ts,Control Descriptions,系统自动监控贷款还款状态，对即将逾期和已逾期贷款按升级规则发出预警并触发催收流程,"System auto-monitors repayment status, issues alerts per escalation rules for near-overdue and overdue loans, triggers collection",系统自动监控贷款还款状态，对即将逾期和已逾期贷款按升级规则发出预警并触发催收流程,
data-translations.ts,Control Descriptions,根据借款人还款行为和财务状况变化，按五级分类标准定期调整贷款风险分类，需经授权审批,"Periodically adjust loan risk classification per five-category standard based on repayment behavior and financial changes; requires authorization",根据借款人还款行为和财务状况变化，按五级分类标准定期调整贷款风险分类，需经授权审批,
data-translations.ts,Findings,抽样测试发现部分信贷审批岗未按规定对收入证明进行交叉验证，仅凭单一收入证明材料即通过审核,"Sampling tests found some credit approval staff did not cross-validate income documents as required, approving based on single evidence only",抽样测试发现部分信贷审批岗未按规定对收入证明进行交叉验证，仅凭单一收入证明材料即通过审核,
data-translations.ts,Findings,部分征信查询操作在取得正式授权前已执行，授权书日期晚于系统查询记录日期,"Some credit inquiries were executed before formal authorization was obtained; authorization dates are later than system query dates",部分征信查询操作在取得正式授权前已执行，授权书日期晚于系统查询记录日期,
data-translations.ts,Findings,现有分类调整触发规则未充分覆盖行业下行周期下的风险特征，部分贷款分类滞后于实际风险水平,"Existing trigger rules do not adequately cover risk characteristics during industry downturns; some loan classifications lag actual risk levels",现有分类调整触发规则未充分覆盖行业下行周期下的风险特征，部分贷款分类滞后于实际风险水平,
data-translations.ts,Findings,部分抵押物重估报告未在规定时间窗口内完成，且评估基准日与实际估值日存在较大偏差,"Some collateral revaluation reports were not completed within the prescribed time window, with significant deviation between basis and valuation dates",部分抵押物重估报告未在规定时间窗口内完成，且评估基准日与实际估值日存在较大偏差,
data-translations.ts,Findings Impact,可能导致信用风险被低估，存在不良贷款生成风险，影响贷款组合整体质量,"May lead to underestimated credit risk, potential NPL generation risk, affecting overall loan portfolio quality",可能导致信用风险被低估，存在不良贷款生成风险，影响贷款组合整体质量,
data-translations.ts,Findings Impact,存在合规风险，可能面临监管处罚和客户投诉,"Compliance risk exists, potentially facing regulatory penalties and customer complaints",存在合规风险，可能面临监管处罚和客户投诉,
data-translations.ts,Findings Impact,可能导致风险分类准确度下降，影响拨备计提的充分性,"May reduce risk classification accuracy, affecting provision adequacy",可能导致风险分类准确度下降，影响拨备计提的充分性,
data-translations.ts,Findings Impact,抵押物价值变动未能及时反映，可能导致抵押率失真，影响风险缓释效果,"Collateral value changes not reflected timely, may distort LTV ratios, affecting risk mitigation effectiveness",抵押物价值变动未能及时反映，可能导致抵押率失真，影响风险缓释效果,
data-translations.ts,Findings Recommendation,加强审批岗位培训、增设系统强制校验环节、建立双人复核机制,"Strengthen approval staff training, add mandatory system validation, establish dual-review mechanism",加强审批岗位培训、增设系统强制校验环节、建立双人复核机制,
data-translations.ts,Findings Recommendation,系统增加授权前置校验，未上传有效授权书前锁定征信查询功能,"Add pre-authorization system validation, lock credit inquiry function until valid authorization is uploaded",系统增加授权前置校验，未上传有效授权书前锁定征信查询功能,
data-translations.ts,Findings Recommendation,优化分类触发规则，纳入宏观经济和行业景气指标作为前瞻性调整依据,"Optimize classification trigger rules, incorporate macroeconomic and industry indicators as forward-looking adjustment basis",优化分类触发规则，纳入宏观经济和行业景气指标作为前瞻性调整依据,
data-translations.ts,Findings Recommendation,建立重估时限提醒机制、引入系统自动触发评估流程,"Establish revaluation deadline reminder mechanism, introduce system-triggered appraisal workflow",建立重估时限提醒机制、引入系统自动触发评估流程,
data-translations.ts,Findings Extended,抽样测试发现部分信贷审批岗未按规定对收入证明进行交叉验证，仅凭单一收入证明材料即通过审核。涉及分行包括华东区分行和华南区分行。,"Sampling tests found some credit approval staff did not cross-validate income documents as required. Affected branches include East China and South China regions.",抽样测试发现部分信贷审批岗未按规定对收入证明进行交叉验证，仅凭单一收入证明材料即通过审核。涉及分行包括华东区分行和华南区分行。,
data-translations.ts,Findings Extended,部分抵押物重估报告未在规定时间窗口内完成，且评估基准日与实际估值日存在较大偏差（超过30天）。涉及华北区分行和西南区分行。,"Some collateral revaluation reports were not completed within the prescribed time window, with significant deviation (>30 days). Affected: North China and Southwest regions.",部分抵押物重估报告未在规定时间窗口内完成，且评估基准日与实际估值日存在较大偏差（超过30天）。涉及华北区分行和西南区分行。,
data-translations.ts,Findings Extended,部分征信查询操作在取得正式授权前已执行，授权书日期晚于系统查询记录日期1-3天。涉及华中区分行。,"Some credit inquiries were executed before formal authorization; authorization dates are 1-3 days later than system query dates. Affected: Central China region.",部分征信查询操作在取得正式授权前已执行，授权书日期晚于系统查询记录日期1-3天。涉及华中区分行。,
data-translations.ts,Findings Extended,现有分类调整触发规则未充分覆盖行业下行周期下的风险特征，部分贷款分类滞后于实际风险水平。涉及制造业和房地产行业贷款。,"Existing trigger rules do not adequately cover downturns; some classifications lag actual risk. Affected: manufacturing and real estate sector loans.",现有分类调整触发规则未充分覆盖行业下行周期下的风险特征，部分贷款分类滞后于实际风险水平。涉及制造业和房地产行业贷款。,
data-translations.ts,Findings Extended,可能导致信用风险被低估，存在不良贷款生成风险，影响贷款组合整体质量。按当前偏差率推算，涉及贷款余额约2.4亿元。,"May underestimate credit risk with potential NPL generation, affecting portfolio quality. Estimated exposure at current deviation rate: ~CNY 240 million.",可能导致信用风险被低估，存在不良贷款生成风险，影响贷款组合整体质量。按当前偏差率推算，涉及贷款余额约2.4亿元。,
data-translations.ts,Findings Extended,抵押物价值变动未能及时反映，可能导致抵押率失真，影响风险缓释效果。涉及抵押物估值约1.8亿元。,"Collateral value changes not timely reflected, may distort LTV. Estimated collateral value involved: ~CNY 180 million.",抵押物价值变动未能及时反映，可能导致抵押率失真，影响风险缓释效果。涉及抵押物估值约1.8亿元。,
data-translations.ts,Findings Extended,存在合规风险，可能面临监管处罚和客户投诉。虽未造成实质损失，但反映流程执行不到位。,"Compliance risk with potential regulatory penalties and customer complaints. No actual loss, but reflects process execution gaps.",存在合规风险，可能面临监管处罚和客户投诉。虽未造成实质损失，但反映流程执行不到位。,
data-translations.ts,Findings Extended,可能导致风险分类准确度下降，影响拨备计提的充分性。涉及行业贷款余额约5600万元。,"May reduce classification accuracy, affecting provision adequacy. Industry loan exposure: ~CNY 56 million.",可能导致风险分类准确度下降，影响拨备计提的充分性。涉及行业贷款余额约5600万元。,
data-translations.ts,Branch Names,北京分行,Beijing Branch,北京分行,
data-translations.ts,Branch Names,上海分行,Shanghai Branch,上海分行,
data-translations.ts,Branch Names,广州分行,Guangzhou Branch,广州分行,
data-translations.ts,Branch Names,深圳分行,Shenzhen Branch,深圳分行,
data-translations.ts,Branch Names,杭州分行,Hangzhou Branch,杭州分行,
data-translations.ts,Branch Names,成都分行,Chengdu Branch,成都分行,
data-translations.ts,Branch Names,武汉分行,Wuhan Branch,武汉分行,
data-translations.ts,Branch Names,南京分行,Nanjing Branch,南京分行,
data-translations.ts,Branch Names,重庆分行,Chongqing Branch,重庆分行,
data-translations.ts,Branch Names,天津分行,Tianjin Branch,天津分行,
data-translations.ts,Branch Names,苏州分行,Suzhou Branch,苏州分行,
data-translations.ts,Branch Names,西安分行,Xi'an Branch,西安分行,
data-translations.ts,Regions,华北,North China,华北,
data-translations.ts,Regions,华东,East China,华东,
data-translations.ts,Regions,华南,South China,华南,
data-translations.ts,Regions,西南,Southwest,西南,
data-translations.ts,Regions,华中,Central China,华中,
data-translations.ts,Regions,西北,Northwest,西北,
data-translations.ts,Sampling Params - Control Type,授权审批类,Authorization & Approval,授权审批类,
data-translations.ts,Sampling Params - Control Type,验证核对类,Verification & Reconciliation,验证核对类,
data-translations.ts,Sampling Params - Control Type,系统自动类,Automated System,系统自动类,
data-translations.ts,Sampling Params - Control Type,报告生成类,Report Generation,报告生成类,
data-translations.ts,Sampling Params - Doc Types,信用审批表,Credit Approval Form,信用审批表,
data-translations.ts,Sampling Params - Doc Types,额度审批单,Limit Approval Slip,额度审批单,
data-translations.ts,Sampling Params - Doc Types,授权委托书,Power of Attorney,授权委托书,
data-translations.ts,Sampling Params - Doc Types,收入证明,Income Certificate,收入证明,
data-translations.ts,Sampling Params - Doc Types,银行流水,Bank Statement,银行流水,
data-translations.ts,Sampling Params - Doc Types,征信报告,Credit Report,征信报告,
data-translations.ts,Sampling Params - Doc Types,系统操作日志,System Operation Log,系统操作日志,
data-translations.ts,Sampling Params - Doc Types,参数配置截图,Parameter Config Screenshot,参数配置截图,
data-translations.ts,Sampling Params - Doc Types,异常预警记录,Anomaly Alert Record,异常预警记录,
data-translations.ts,Sampling Params - Doc Types,风险评估报告,Risk Assessment Report,风险评估报告,
data-translations.ts,Sampling Params - Doc Types,贷后检查报告,Post-Loan Inspection Report,贷后检查报告,
data-translations.ts,Sampling Params - Doc Types,分类调整记录,Classification Adjustment Record,分类调整记录,
data-translations.ts,Sampling Params - Months,1月,Jan,1月,
data-translations.ts,Sampling Params - Months,2月,Feb,2月,
data-translations.ts,Sampling Params - Months,3月,Mar,3月,
data-translations.ts,Sampling Params - Elevated,上年发现执行缺陷(F-001)，瑕疵率20%,"Prior year execution deficiency (F-001), deviation rate 20%",上年发现执行缺陷(F-001)，瑕疵率20%,
data-translations.ts,Sampling Params - Elevated,系统升级后流程变更，需验证新控制有效性,"Process change after system upgrade, need to verify new control effectiveness",系统升级后流程变更，需验证新控制有效性,
data-translations.ts,Sampling Rationale,基于PCAOB AS 2315抽样标准，结合银行个贷业务特征确定样本量,"Sample size determined based on PCAOB AS 2315 sampling standard, combined with personal loan business characteristics",基于PCAOB AS 2315抽样标准，结合银行个贷业务特征确定样本量,
data-translations.ts,Sampling Rationale,总体规模1247笔中抽取45笔（中位数），置信水平92%，可容忍偏差率5%,"From population of 1,247 transactions, 45 samples selected (median), 92% confidence, 5% tolerable deviation rate",总体规模1247笔中抽取45笔（中位数），置信水平92%，可容忍偏差率5%,
data-translations.ts,Sampling Rationale,对RAWTC≥6的高风险控制点加权抽样，系数1.2倍,"Weighted sampling for high-risk controls with RAWTC≥6, coefficient 1.2x",对RAWTC≥6的高风险控制点加权抽样，系数1.2倍,
data-translations.ts,Sampling Rationale,上年缺陷控制(CTRL-002)额外增加5笔样本覆盖,"Prior year deficient control (CTRL-002) receives 5 additional samples",上年缺陷控制(CTRL-002)额外增加5笔样本覆盖,
data-translations.ts,Sampling Rationale,系统升级涉及控制(CTRL-011)额外增加3笔验证,"System upgrade-affected control (CTRL-011) receives 3 additional verification samples",系统升级涉及控制(CTRL-011)额外增加3笔验证,
data-translations.ts,Sampling Rationale,分行抽样覆盖12/36家，涵盖所有区域，确保代表性,"Branch sampling covers 12/36, spanning all regions, ensuring representativeness",分行抽样覆盖12/36家，涵盖所有区域，确保代表性,
data-translations.ts,Impact Simulation - Event Types,控制缺陷事件,Control Deficiency Event,控制缺陷事件,
data-translations.ts,Impact Simulation - Event Types,组织调整事件,Organizational Change Event,组织调整事件,
data-translations.ts,Impact Simulation - Event Types,法规变更事件,Regulatory Change Event,法规变更事件,
data-translations.ts,Impact Simulation - Event Types,IT系统变更事件,IT System Change Event,IT系统变更事件,
data-translations.ts,Impact Simulation - Dimensions,内部控制,Internal Control,内部控制,
data-translations.ts,Impact Simulation - Dimensions,财务报告,Financial Reporting,财务报告,
data-translations.ts,Impact Simulation - Dimensions,审计范围,Audit Scope,审计范围,
data-translations.ts,Impact Simulation - Dimensions,风险评估,Risk Assessment,风险评估,
data-translations.ts,Impact Simulation - Dimensions,样本量,Sample Size,样本量,
data-translations.ts,Impact Simulation - Dimensions,测试程序,Test Procedures,测试程序,
data-translations.ts,Impact Simulation - Dimensions,合规检查,Compliance Check,合规检查,
data-translations.ts,Impact Simulation - Dimensions,管理层评估,Management Assessment,管理层评估,
data-translations.ts,Impact Simulation - Dimensions,信息系统,Information Systems,信息系统,
data-translations.ts,Impact Simulation - Dimensions,人员培训,Personnel Training,人员培训,
data-translations.ts,Impact Simulation - Dimensions,文档管理,Document Management,文档管理,
data-translations.ts,Impact Simulation - Dimensions,人员配置,Staffing,人员配置,
data-translations.ts,Impact Simulation - Dimensions,权限分离,Segregation of Duties,权限分离,
data-translations.ts,Impact Simulation - Dimensions,审批流程,Approval Process,审批流程,
data-translations.ts,Impact Simulation - Dimensions,部门职责,Department Responsibilities,部门职责,
data-translations.ts,Impact Simulation - Dimensions,信息传递,Information Flow,信息传递,
data-translations.ts,Impact Simulation - Dimensions,控制环境,Control Environment,控制环境,
data-translations.ts,Impact Simulation - Dimensions,风险应对,Risk Response,风险应对,
data-translations.ts,Impact Simulation - Dimensions,培训计划,Training Plan,培训计划,
data-translations.ts,Impact Simulation - Dimensions,系统访问,System Access,系统访问,
data-translations.ts,Impact Simulation - Dimensions,知识转移,Knowledge Transfer,知识转移,
data-translations.ts,Impact Simulation - Dimensions,绩效评估,Performance Evaluation,绩效评估,
data-translations.ts,Impact Simulation - Dimensions,合规要求,Compliance Requirements,合规要求,
data-translations.ts,Impact Simulation - Dimensions,披露标准,Disclosure Standards,披露标准,
data-translations.ts,Impact Simulation - Dimensions,审计准则,Auditing Standards,审计准则,
data-translations.ts,Impact Simulation - Dimensions,内控框架,IC Framework,内控框架,
data-translations.ts,Impact Simulation - Dimensions,报告格式,Report Format,报告格式,
data-translations.ts,Impact Simulation - Dimensions,评估标准,Assessment Criteria,评估标准,
data-translations.ts,Impact Simulation - Dimensions,监管申报,Regulatory Filing,监管申报,
data-translations.ts,Impact Simulation - Dimensions,风险阈值,Risk Threshold,风险阈值,
data-translations.ts,Impact Simulation - Dimensions,控制目标,Control Objectives,控制目标,
data-translations.ts,Impact Simulation - Dimensions,测试方法,Testing Methods,测试方法,
data-translations.ts,Impact Simulation - Dimensions,证据标准,Evidence Standards,证据标准,
data-translations.ts,Impact Simulation - Dimensions,数据完整性,Data Integrity,数据完整性,
data-translations.ts,Impact Simulation - Dimensions,访问控制,Access Control,访问控制,
data-translations.ts,Impact Simulation - Dimensions,变更管理,Change Management,变更管理,
data-translations.ts,Impact Simulation - Dimensions,接口测试,Interface Testing,接口测试,
data-translations.ts,Impact Simulation - Dimensions,备份恢复,Backup & Recovery,备份恢复,
data-translations.ts,Impact Simulation - Dimensions,审计轨迹,Audit Trail,审计轨迹,
data-translations.ts,Impact Simulation - Dimensions,自动化控制,Automated Controls,自动化控制,
data-translations.ts,Impact Simulation - Dimensions,系统集成,System Integration,系统集成,
data-translations.ts,Impact Simulation - Dimensions,数据迁移,Data Migration,数据迁移,
data-translations.ts,Impact Simulation - Dimensions,性能监控,Performance Monitoring,性能监控,
data-translations.ts,Impact Simulation - Dimensions,安全策略,Security Policy,安全策略,
data-translations.ts,Impact Simulation - Dimensions,残余风险,Residual Risk,残余风险,
data-translations.ts,Impact Simulation - Dimensions,控制有效性,Control Effectiveness,控制有效性,
data-translations.ts,Impact Simulation - Dimensions,合规指标,Compliance Metrics,合规指标,
data-translations.ts,Impact Simulation - Dimensions,运营效率,Operational Efficiency,运营效率,
data-translations.ts,Impact Simulation - Dimensions,成本影响,Cost Impact,成本影响,
data-translations.ts,Impact Simulation - Recommendations,立即加强关键控制点的测试频率，将抽样量提升50%,"Immediately increase testing frequency of key controls, raise sampling by 50%",立即加强关键控制点的测试频率，将抽样量提升50%,
data-translations.ts,Impact Simulation - Recommendations,增设补偿性控制以覆盖识别的控制缺口,"Add compensating controls to cover identified control gaps",增设补偿性控制以覆盖识别的控制缺口,
data-translations.ts,Impact Simulation - Recommendations,更新风险评估矩阵，重新评估受影响流程的固有风险等级,"Update risk assessment matrix, reassess inherent risk levels of affected processes",更新风险评估矩阵，重新评估受影响流程的固有风险等级,
data-translations.ts,Impact Simulation - Recommendations,安排专项培训，确保相关人员理解变更后的控制要求,"Arrange specialized training to ensure staff understand revised control requirements",安排专项培训，确保相关人员理解变更后的控制要求,
data-translations.ts,PBC Documents,信用评分模型参数配置表,Credit Scoring Model Parameter Config,信用评分模型参数配置表,
data-translations.ts,PBC Documents,评分模型验证报告,Scoring Model Validation Report,评分模型验证报告,
data-translations.ts,PBC Documents,收入证明审批单,Income Verification Approval Form,收入证明审批单,
data-translations.ts,PBC Documents,银行流水核验记录,Bank Statement Verification Record,银行流水核验记录,
data-translations.ts,PBC Documents,收入证明原件影印,Original Income Certificate Copy,收入证明原件影印,
data-translations.ts,PBC Documents,雇主确认函,Employer Confirmation Letter,雇主确认函,
data-translations.ts,PBC Documents,征信查询授权书,Credit Inquiry Authorization Form,征信查询授权书,
data-translations.ts,PBC Documents,征信系统操作日志,Credit System Operation Log,征信系统操作日志,
data-translations.ts,PBC Documents,授权管理台账,Authorization Management Ledger,授权管理台账,
data-translations.ts,PBC Documents,审批权限矩阵,Approval Authority Matrix,审批权限矩阵,
data-translations.ts,PBC Documents,超额审批记录,Excess Approval Records,超额审批记录,
data-translations.ts,PBC Documents,用途声明书,Purpose Statement,用途声明书,
data-translations.ts,PBC Documents,用途合规审核表,Purpose Compliance Review Form,用途合规审核表,
data-translations.ts,PBC Documents,资金监控预警日志,Fund Monitoring Alert Log,资金监控预警日志,
data-translations.ts,PBC Documents,白名单管理记录,Whitelist Management Record,白名单管理记录,
data-translations.ts,PBC Documents,大额划转处理记录,Large Transfer Processing Record,大额划转处理记录,
data-translations.ts,PBC Documents,关联方核查报告,Related Party Inspection Report,关联方核查报告,
data-translations.ts,PBC Documents,关联方识别系统截图,Related Party System Screenshot,关联方识别系统截图,
data-translations.ts,PBC Documents,关联交易审批单,Related Transaction Approval Form,关联交易审批单,
data-translations.ts,PBC Documents,异常交易模型规则文档,Anomaly Model Rule Documentation,异常交易模型规则文档,
data-translations.ts,PBC Documents,预警处理台账,Alert Processing Ledger,预警处理台账,
data-translations.ts,PBC Documents,客户回访记录表,Client Follow-up Record,客户回访记录表,
data-translations.ts,PBC Documents,回访计划执行表,Follow-up Plan Execution Form,回访计划执行表,
data-translations.ts,PBC Documents,抵押物评估报告,Collateral Appraisal Report,抵押物评估报告,
data-translations.ts,PBC Documents,评估机构资质文件,Appraiser Qualification Documents,评估机构资质文件,
data-translations.ts,PBC Documents,抵押率监控报告,LTV Monitoring Report,抵押率监控报告,
data-translations.ts,PBC Documents,逾期预警规则配置,Overdue Alert Rule Configuration,逾期预警规则配置,
data-translations.ts,PBC Documents,预警触发统计报告,Alert Trigger Statistics Report,预警触发统计报告,
data-translations.ts,PBC Documents,催收流程跟踪表,Collection Process Tracking Form,催收流程跟踪表,
data-translations.ts,PBC Documents,风险分类调整审批单,Risk Classification Adjustment Approval,风险分类调整审批单,
data-translations.ts,PBC Documents,五级分类标准文件,Five-Category Standard Document,五级分类标准文件,
data-translations.ts,PBC Documents,分类调整月度汇总,Monthly Classification Adjustment Summary,分类调整月度汇总,
data-translations.ts,PBC Documents,模型变更审批记录,Model Change Approval Record,模型变更审批记录,
data-translations.ts,PBC Documents,审核人员培训记录,Review Staff Training Record,审核人员培训记录,
data-translations.ts,PBC Documents,额度计算工作底稿,Limit Calculation Workpaper,额度计算工作底稿,
data-translations.ts,PBC Documents,购销合同,Purchase/Sale Contract,购销合同,
data-translations.ts,PBC Documents,股权结构图,Equity Structure Diagram,股权结构图,
data-translations.ts,PBC Documents,风险预警跟踪表,Risk Alert Tracking Form,风险预警跟踪表,
data-translations.ts,PBC Documents,评估差异说明,Appraisal Variance Explanation,评估差异说明,
data-translations.ts,PBC Documents,授权书模板,Authorization Form Template,授权书模板,
data-translations.ts,PBC Documents,系统参数配置表,System Parameter Config,系统参数配置表,
data-translations.ts,PBC Documents,模型训练记录,Model Training Record,模型训练记录,
data-translations.ts,PBC Documents,系统升级变更单,System Upgrade Change Order,系统升级变更单,
data-translations.ts,PBC Documents,行业风险分析报告,Industry Risk Analysis Report,行业风险分析报告,
data-translations.ts,PBC Categories,系统日志,System Log,系统日志,
data-translations.ts,PBC Categories,报告文件,Report,报告文件,
data-translations.ts,PBC Categories,审批记录,Approval Record,审批记录,
data-translations.ts,PBC Categories,凭证单据,Supporting Document,凭证单据,
data-translations.ts,PBC Descriptions,提供2025Q1信用评分模型参数配置截图及变更记录,Provide 2025 Q1 credit scoring model parameter screenshots and change records,提供2025Q1信用评分模型参数配置截图及变更记录,
data-translations.ts,PBC Descriptions,年度信用评分模型后验报告,Annual credit scoring model back-testing report,年度信用评分模型后验报告,
data-translations.ts,Error Messages,无法获取响应流,Unable to get response stream,无法获取响应流,
data-translations.ts,Error Messages,网络连接失败，请稍后重试,"Network connection failed, please try again later",网络连接失败，请稍后重试,
data-translations.ts,Person Names,张明,Zhang Ming,张明,
data-translations.ts,Person Names,李华,Li Hua,李华,
data-translations.ts,Person Names,王强,Wang Qiang,王强,
data-translations.ts,Person Names,王芳,Wang Fang,王芳,
data-translations.ts,Person Names,赵丽,Zhao Li,赵丽,
data-translations.ts,Person Names,刘伟,Liu Wei,刘伟,
data-translations.ts,Person Names,刘总,Director Liu,刘总,
data-translations.ts,Person Names,系统,System,系统,
